,job.creationDate,month,title,place.city,place.zipCode,Dpt,company.name
0,2021-04-06T14:08:56.000Z,2021-04,coiffeur/coiffeuse en alternance (CAP) (H/F),91 - MONTGERON,91230,91,FRANCK PROVOST
1,2021-02-04T17:25:49.000Z,2021-02,Coiffeur / Coiffeuse,91 - OLLAINVILLE,91340,91,Salon des terrasses 
2,2021-04-08T15:55:42.000Z,2021-04,UN ALTERNANT - CHARGE DE PROJET FORMATION DIGITALE  (H/F),69 - NEUVILLE SUR SAONE,69250,69,SANOFI-AVENTIS GROUPE
3,2021-03-21T08:59:42.000Z,2021-03,Préparateur / Préparatrice de commandes (H/F),91 - ATHIS MONS,91200,91,
4,2021-03-22T17:45:11.000Z,2021-03,Agent / Agente logistique en magasinage (H/F),91 - ATHIS MONS,91200,91,
5,2021-03-29T15:13:59.000Z,2021-03,Chargé / Chargée d'études en marketing (H/F),77 - PRINGY,77310,77,TENTE
6,2021-04-08T10:27:40.000Z,2021-04,Magasinier / Magasinière Magasin de Pièces de Rechange -MPR- (H/F),91 - ETAMPES,91150,91,ATAC PIECES AUTO
7,2021-04-08T10:17:41.000Z,2021-04,Magasinier / Magasinière en pièces et fournitures automobiles,45 - VILLEMANDEUR,45700,45,ATAC MONTARGIS
8,2021-04-08T09:48:38.000Z,2021-04,Magasinier / Magasinière,45 - ST JEAN DE LA RUELLE,45140,45,ATAC PIECES AUTO SAS
9,2021-04-08T11:51:25.000Z,2021-04,Magasinier vendeur / Magasinière vendeuse,45 - LA CHAPELLE ST MESMIN,45380,45,100% Batterie
10,2021-04-09T04:03:43.000Z,2021-04,Chef de projet évènementiel (H/F),91 - PALAISEAU,91120,91,
11,2021-03-27T04:31:15.000Z,2021-03,Chargé / Chargée des relations presse (H/F),91 - MASSY,91300,91,
12,2021-04-08T06:16:54.000Z,2021-04,Data analyst (H/F),91 - MASSY,91300,91,
13,2021-01-05T15:36:46.000Z,2021-01,Assistant coiffeur / Assistante coiffeuse     (H/F),94 - CHOISY LE ROI,94600,94,HAIR PRESTIGE
14,2021-04-08T06:17:01.000Z,2021-04,Préparateur / Préparatrice de commandes drive en grande distribution (H/F),77 - PONTAULT COMBAULT,77340,77,
15,2021-03-24T07:52:54.000Z,2021-03,Préparateur / Préparatrice de commandes drive en grande distribution (H/F),77 - PONTAULT COMBAULT,77340,77,
16,2021-04-01T16:36:15.000Z,2021-04,Chargé / Chargée d'études commerciales (H/F),78 - GUYANCOURT,78280,78,BOUYGUES ENERGIES & SERVICES
17,2021-03-26T11:04:30.000Z,2021-03,UN ALTERNANT- CHARGE DE COMMUNICATION  (H/F),94 - VITRY SUR SEINE,94400,94,SANOFI-AVENTIS GROUPE
18,2021-04-03T10:42:23.000Z,2021-04,Préparateur / Préparatrice de commandes drive en grande distribution (H/F),94 - ORMESSON SUR MARNE,94490,94,
19,2021-03-18T14:37:36.000Z,2021-03,Préparateur / Préparatrice de commandes drive en grande distribution (H/F),94 - ORMESSON SUR MARNE,94490,94,
20,2021-04-06T11:39:34.000Z,2021-04,Chargé / Chargée d'études commerciales   (H/F),94 - VILLEJUIF,94800,94,CFA EHL
21,2021-03-18T11:44:20.000Z,2021-03,Préparateur / préparatrice de commande drive (H/F),77 - PONTAULT COMBAULT,77340,77,
22,2021-03-23T10:31:39.000Z,2021-03,Chargé / Chargée de communication (H/F),94 - ARCUEIL,94110,94,ETAT-MAJOR DU SERVICE MILITAIRE VOLONTAIRE
23,2021-03-24T07:43:44.000Z,2021-03,Préparateur / Préparatrice de commandes drive en grande distribution (H/F),77 - PONTAULT COMBAULT,77340,77,
24,2021-03-18T09:55:08.000Z,2021-03,Chargé / Chargée de communication (H/F),94 - ARCUEIL,94110,94,
25,2021-03-05T10:55:19.000Z,2021-03,Chargé / Chargée d'études socio-économiques (H/F),94 - IVRY SUR SEINE,94200,94,BLUELINK
26,2021-04-06T15:49:46.000Z,2021-04,UN ALTERNANT - DATA SCIENTIST MACHING LEARNING  (H/F),94 - GENTILLY,94250,94,SANOFI-AVENTIS GROUPE
27,2021-03-06T14:59:43.000Z,2021-03,Responsable de livraison fonctionnelle/Data analyst H/F,92 - MONTROUGE,92120,92,
28,2021-03-22T15:53:49.000Z,2021-03,Chargé / Chargée de communication (H/F),77 - CROISSY BEAUBOURG,77183,77,
29,2021-03-26T03:55:06.000Z,2021-03,Chargé / Chargée de communication (H/F),92 - ISSY LES MOULINEAUX,92130,92,
30,2021-03-26T03:51:37.000Z,2021-03,Chargé / Chargée de communication (H/F),92 - ISSY LES MOULINEAUX,92130,92,
31,2021-03-26T04:07:24.000Z,2021-03,Chargé / Chargée de communication (H/F),92 - ISSY LES MOULINEAUX,92130,92,
32,2021-03-31T16:50:23.000Z,2021-03,Data scientist (H/F),92 - ISSY LES MOULINEAUX,92130,92,
33,2021-03-25T08:48:03.000Z,2021-03,Chargé / Chargée de communication (H/F),92 - ISSY LES MOULINEAUX,92130,92,
34,2021-04-08T15:51:38.000Z,2021-04,Alternant Chargé de Communication Data H/F (H/F),92 - BOULOGNE BILLANCOURT,92100,92,
35,2021-04-09T15:32:39.000Z,2021-04,Data Scientist - BOURSORAMA (H/F),92 - BOULOGNE BILLANCOURT,92100,92,
36,2021-03-19T12:29:37.000Z,2021-03,Alternant Data Analyst (H/F),92 - BOULOGNE BILLANCOURT,92100,92,
37,2021-04-07T09:50:26.000Z,2021-04,Coiffeur / Coiffeuse mixte (H/F),77 - BUSSY ST GEORGES,77600,77,ELIXIA
38,2021-03-03T12:07:04.000Z,2021-03,Chargé / Chargée de communication (H/F),94 - FONTENAY SOUS BOIS,94120,94,AXA FRANCE
39,2021-04-04T11:04:03.000Z,2021-04,Chargé / Chargée de communication (H/F),75 - PARIS 01,75001,75,
40,2021-04-02T04:54:32.000Z,2021-04,Préparateur / Préparatrice de commandes (H/F),75 - PARIS 01,75001,75,
41,2021-04-06T13:43:57.000Z,2021-04,Apprenti(e) Coiffeur(se) (H/F),75 - PARIS 20,75020,75,RC CREATION
42,2021-04-08T14:16:18.000Z,2021-04,Chargé(e) de communication Média en ALTERNANCE (H/F),75 - PARIS 14,75014,75,APEC 14
43,2021-04-08T14:12:53.000Z,2021-04,Chargé(e) de communication en ALTERNANCE (H/F),75 - PARIS 14,75014,75,APEC 14
44,2021-04-08T14:08:16.000Z,2021-04,Chargé(e) de communication interne en ALTERNANCE (H/F),75 - PARIS 14,75014,75,APEC 14
45,2021-04-08T11:44:52.000Z,2021-04,Chargé(e) de communication en ALTERNANCE (H/F),75 - PARIS 14,75014,75,APEC 14
46,2021-03-09T14:58:53.000Z,2021-03,Chargé(e) de projet communication en ALTERNANCE (H/F),75 - PARIS 14,75014,75,PFIZER
47,2021-04-08T15:56:30.000Z,2021-04,Coiffeur / Coiffeuse (H/F),75 - PARIS 04,75004,75,
48,2021-04-05T05:11:07.000Z,2021-04,Chargé(e) de communication (H/F),75 - PARIS 01,75001,75,
49,2021-04-05T05:08:52.000Z,2021-04,Alternance - Assistant Communication Interne (H/F),75 - PARIS 01,75001,75,
50,2021-03-30T15:39:27.000Z,2021-03,Chargé de Communication et Marque Employeur (H/F),75 - PARIS 01,75001,75,
51,2021-03-26T15:39:41.000Z,2021-03,Assistant Communication (H/F),75 - PARIS 01,75001,75,
52,2021-04-07T15:21:58.000Z,2021-04,Chargé / Chargée de communication (H/F),75 - PARIS 09,75009,75,CASINO DE PARIS
53,2021-04-02T15:43:49.000Z,2021-04,Alternance Chargé de communication (H/F),75 - PARIS 15,75015,75,
54,2021-03-28T11:18:36.000Z,2021-03,CAP coiffure  (H/F),75 - PARIS 18,75018,75,CS LEIZOUR
55,2021-03-31T19:00:13.000Z,2021-03,Alternance Chargé(e) de communication - (H/F),75 - PARIS 08,75008,75,
56,2021-03-11T13:04:18.000Z,2021-03,Alternance chargé de communication pharmaceutique  (H/F),75 - PARIS 08,75008,75,GROUPE GMG
57,2021-03-26T15:19:37.000Z,2021-03,Apprenti(e) en Brevet Professionnel Coiffure   (H/F),75 - PARIS 17,75017,75,PASCAL COSTE
58,2021-04-08T11:30:58.000Z,2021-04,Communication évènementiels en ALTERNANCE (H/F),75 - PARIS 14,75014,75,APEC 14
59,2021-04-09T15:29:02.000Z,2021-04,Chargé(e) d'études - Corporate Finance - H/F - PARIS (H/F),75 - PARIS 01,75001,75,
60,2021-04-05T05:08:49.000Z,2021-04,Data analyst chargé d'études stratégiques (H/F),75 - PARIS 01,75001,75,
61,2021-03-27T16:35:05.000Z,2021-03,Chargé d'études junior (H/F),75 - PARIS 01,75001,75,
62,2021-03-26T15:40:36.000Z,2021-03,Data Analyst en alternance (H/F),75 - PARIS 01,75001,75,
63,2021-04-02T15:41:53.000Z,2021-04,Alternance Chargé d'études stratégiques (H/F),75 - PARIS 15,75015,75,
64,2021-04-04T02:56:12.000Z,2021-04,Chargé / Chargée d'études en marketing (H/F),75 - PARIS 08,75008,75,
65,2021-03-16T09:21:03.000Z,2021-03,Apprenti(e) en ingénierie géo-intelligence (h/f),75 - PARIS 01,75001,75,
66,2021-03-07T03:21:29.000Z,2021-03,Apprenti(e) en analyse matériaux pour l'électronique (h/f),75 - PARIS 01,75001,75,
67,2021-03-04T16:03:30.000Z,2021-03,Apprenti(e) en traitement de l'information multimédia - intelligence artificielle (h/f),75 - PARIS 01,75001,75,
68,2021-03-31T07:42:46.000Z,2021-03,Data Analyst débutant (H/F) Mobile Gaming [CDI] - Paris ou Lyon - Gaminho,75 - PARIS 01,75001,75,
69,2021-03-29T23:04:50.000Z,2021-03,Assistant / Assistante de communication (H/F),93 - MONTREUIL,93100,93,Sébastien Burlet
70,2021-03-31T06:41:28.000Z,2021-03,Chargé / Chargée de communication (H/F),92 - PUTEAUX,92800,92,
71,2021-03-18T21:17:19.000Z,2021-03,Assistant / Assistante de communication (H/F),92 - PUTEAUX,92800,92,
72,2021-04-01T03:40:34.000Z,2021-04,Préparateur / Préparatrice de commandes drive en grande distribution (H/F),77 - CHELLES,77500,77,
73,2021-03-25T04:02:30.000Z,2021-03,Chargé / Chargée de communication (H/F),92 - COURBEVOIE,92400,92,
74,2021-04-07T08:57:11.000Z,2021-04,Chargé / Chargée de communication (H/F),92 - COURBEVOIE,92400,92,
75,2021-03-31T20:35:01.000Z,2021-03,Chargé(e) de Communication en alternance (H/F),92 - COURBEVOIE,92400,92,
76,2021-03-23T20:05:09.000Z,2021-03,Chargé de communication  (H/F),92 - COURBEVOIE,92400,92,
77,2021-03-07T14:06:20.000Z,2021-03,Chargé / Chargée de communication (H/F),92 - NANTERRE,92000,92,AXA FRANCE
78,2021-03-07T14:00:37.000Z,2021-03,Chargé / Chargée de communication (H/F),92 - NANTERRE,92000,92,AXA FRANCE
79,2021-03-26T20:03:36.000Z,2021-03,Assistant / Assistante de communication (H/F),92 - NANTERRE,92000,92,HELPLINE
80,2021-03-26T09:51:40.000Z,2021-03,Chargé / Chargée de communication interne (H/F),92 - NANTERRE,92000,92,AXA FRANCE
81,2021-04-02T15:33:26.000Z,2021-04,Chargé / Chargée d'études commerciales (H/F),92 - NANTERRE,92000,92,
82,2021-03-30T15:38:05.000Z,2021-03,Chargé d'études marketing satisfaction client (H/F),92 - NANTERRE,92000,92,
83,2021-03-30T10:24:17.000Z,2021-03,Chargé / Chargée d'études de marché (H/F),92 - NANTERRE,92000,92,AXA FRANCE
84,2021-03-26T10:15:35.000Z,2021-03,Chargé / Chargée d'études statistiques (H/F),92 - NANTERRE,92000,92,AXA FRANCE
85,2021-03-02T10:26:11.000Z,2021-03,Chargé / Chargée d'études commerciales (H/F),92 - NANTERRE,92000,92,AXA FRANCE
86,2021-03-05T13:33:26.000Z,2021-03,Data analyst (H/F),92 - NANTERRE,92000,92,AXA FRANCE
87,2021-03-02T13:55:21.000Z,2021-03,Data analyst (H/F),92 - NANTERRE,92000,92,AXA FRANCE
88,2021-03-12T09:48:58.000Z,2021-03,Opérateur logistique (H/F),92 - GENNEVILLIERS,92230,92,
89,2021-03-19T12:19:15.000Z,2021-03,Chargé de communication digitale en alternance (H/F),93 - VILLEPINTE,93420,93,
90,2021-03-17T14:45:48.000Z,2021-03,Magasinier / Magasinière cariste,95 - MARLY LA VILLE,95670,95,
91,2021-03-31T03:51:07.000Z,2021-03,Préparateur / Préparatrice de commandes drive en grande distribution (H/F),27 - GUICHAINVILLE,27930,27,
92,2021-03-24T17:57:03.000Z,2021-03,Agent magasinier / Agente magasinière gestionnaire de stocks (H/F),51 - PIERRY,51530,51,MPRO ORMES 
93,2021-03-16T09:06:47.000Z,2021-03,Chef de projet évènementiel  (H/F),44 - NANTES,44000,44,ALTERNANCE PAYS DE LOIRE
94,2021-03-02T16:04:49.000Z,2021-03,Préparateur / Préparatrice de commandes (H/F),75 - Paris (Dept.),,na,
95,2021-02-17T09:54:57.000Z,2021-02,Préparateur / Préparatrice de commandes (H/F),75 - Paris (Dept.),,na,
96,2021-03-24T03:12:02.000Z,2021-03,Conseiller / Conseillère en organisation d'évènementiel de particuliers (H/F),44 - ST HERBLAIN,44800,44,
97,2021-04-08T06:18:05.000Z,2021-04,Chargé de d'actions et de relations commerciales H/F,75 - PARIS 03,75003,75,
98,2021-04-08T06:20:42.000Z,2021-04,Assistant Social Media Manager H/F,75 - PARIS 19,75019,75,
99,2021-04-10T10:56:35.000Z,2021-04,Alternance - Attaché de presse F/H (H/F),75 - PARIS 19,75019,75,
0,2021-03-03T16:40:16.000Z,2021-03,Apprenti(e) Coiffeur / Coiffeuse mixte (H/F),88 - MIRECOURT,88500,88,SEBASTIEN COIFFURE
1,2021-04-09T09:30:57.000Z,2021-04,Apprenti coiffeur (H/F),52 - WASSY,52130,52,La Chambre des Métiers et de l'Artisanat
2,2021-03-31T19:01:21.000Z,2021-03,Chargé / Chargée de communication (H/F),10 - SOULAINES DHUYS,10200,10,ANDRA
3,2021-04-09T12:03:37.000Z,2021-04,Apprenti chargé communication H/F,54 - NANCY,54000,54,La cabane d'Achille et Camille
4,2021-02-26T17:36:20.000Z,2021-02,Assistant / Assistante de communication  (H/F),21 - QUETIGNY,21800,21,DIJON FORMATION
5,2021-03-30T22:00:21.000Z,2021-03,* Apprenti Coiffeur / Coiffeuse mixte (H/F),90 - BELFORT,90000,90,BEST CUT
6,2021-04-02T12:29:14.000Z,2021-04,Coiffeur / Coiffeuse,90 - DANJOUTIN,90400,90,
7,2021-04-02T12:23:01.000Z,2021-04,Coiffeur / Coiffeuse,90 - DANJOUTIN,90400,90,
8,2021-02-11T10:59:23.000Z,2021-02,Contrat d'apprentissage Coiffeur / Coiffeuse (H/F),57 - METZ,57000,57,JACQUES THILL
9,2020-11-27T10:59:59.000Z,2020-11,Apprenti Coiffeur / Coiffeuse mixte (H/F),51 - FAGNIERES,51510,51,TCHIP COIFFURE
10,2021-03-25T10:53:03.000Z,2021-03,Coiffeur / Coiffeuse (H/F),68 - NEUF BRISACH,68600,68,AMELIE CREATION
11,2021-03-12T15:53:02.000Z,2021-03,Chargé / Chargée de communication (H/F),57 - WOUSTVILLER,57915,57,SARL RENZ
12,2021-03-01T11:53:34.000Z,2021-03,apprenti coiffeur/coiffeuse (H/F),51 - SEZANNE,51120,51,CECILE COIFFURE
13,2021-04-07T08:30:38.000Z,2021-04,Coiffeur en apprentissage (H/F),25 - METABIEF,25370,25,L'OR COIFFEUSE MIXTE
14,2021-03-12T18:21:04.000Z,2021-03,Formation Chargé / Chargée de communication (H/F),71 - CHALON SUR SAONE,71100,71,CHALON FORMATION
15,2021-03-10T15:33:46.000Z,2021-03,Chargé / Chargée de communication (H/F),71 - CHALON SUR SAONE,71100,71,ALTERNANCE BOURGOGNE
16,2021-04-02T13:56:19.000Z,2021-04,Assistant / Assistante de communication (H/F),67 - STRASBOURG,67100,67,ORISAE
17,2021-03-09T13:13:03.000Z,2021-03,Coiffeur / Coiffeuse mixte,57 - BITCHE,57230,57,CK COIFFURE
18,2021-04-05T20:06:37.000Z,2021-04,Coiffeur / Coiffeuse (H/F),08 - POIX TERRON,08430,08,BRENGEL VIRGINIE
19,2021-03-05T11:37:22.000Z,2021-03,Chargé / Chargée de communication (H/F),71 - MONTCEAU LES MINES,71300,71,ALTERNANCE BOURGOGNE
20,2021-02-26T14:55:51.000Z,2021-02,Chargé de Communication Junior (H/F),08 - CHARLEVILLE MEZIERES,08000,08,
21,2021-04-04T10:03:44.000Z,2021-04,Assistant coiffeur / Assistante coiffeuse (H/F),01 - SEGNY,01170,01,PASCAL COSTE
22,2021-04-01T15:30:42.000Z,2021-04,Chargé / Chargée de communication (H/F),71 - MACON,71000,71,ALTERNANCE BOURGOGNE
23,2021-04-07T09:50:26.000Z,2021-04,Coiffeur / Coiffeuse mixte (H/F),77 - BUSSY ST GEORGES,77600,77,ELIXIA
24,2021-03-22T15:53:49.000Z,2021-03,Chargé / Chargée de communication (H/F),77 - CROISSY BEAUBOURG,77183,77,
25,2021-04-06T14:08:56.000Z,2021-04,coiffeur/coiffeuse en alternance (CAP) (H/F),91 - MONTGERON,91230,91,FRANCK PROVOST
26,2021-03-03T12:07:04.000Z,2021-03,Chargé / Chargée de communication (H/F),94 - FONTENAY SOUS BOIS,94120,94,AXA FRANCE
27,2021-03-19T12:19:15.000Z,2021-03,Chargé de communication digitale en alternance (H/F),93 - VILLEPINTE,93420,93,
28,2021-01-05T15:36:46.000Z,2021-01,Assistant coiffeur / Assistante coiffeuse     (H/F),94 - CHOISY LE ROI,94600,94,HAIR PRESTIGE
29,2021-03-11T12:18:06.000Z,2021-03,Opérateur / Opératrice logistique en entrepôt (H/F),54 - NANCY,54000,54,YUPEEK
30,2021-04-09T14:55:47.000Z,2021-04,Agent Logistique H/F en alternance,54 - MAXEVILLE,54320,54,aftral
31,2021-01-21T17:20:59.000Z,2021-01,Magasinier / Magasinière,54 - ESSEY LES NANCY,54270,54,
32,2021-03-23T13:21:52.000Z,2021-03,Apprenti agent logistique H/F,55 - ST MIHIEL,55300,55,AFTRAL
33,2021-03-23T13:23:54.000Z,2021-03,Apprenti agent logistique H/F,54 - LIMEY REMENAUVILLE,54470,54,AFTRAL
34,2021-03-31T14:14:20.000Z,2021-03,Préparateur de commandes en Alternance (H/F),21 - NORGES LA VILLE,21490,21,SBCI
35,2021-03-23T14:26:58.000Z,2021-03,Préparateur / Préparatrice de commandes,54 - ATTON,54700,54,AFTRAL
36,2021-01-08T11:39:51.000Z,2021-01,ALTERNANT CAP/Bac Pro Agent d'Exploitation   (H/F),55 - GENICOURT SUR MEUSE,55320,55,ANEFA
37,2021-03-18T16:34:01.000Z,2021-03,BAC PRO LOGISTIQUE  apprentissage ou alternance      (H/F),57 - MONTIGNY LES METZ,57950,57,AFTRAL
38,2021-03-18T16:30:48.000Z,2021-03,BAC PRO LOGISTIQUE  apprentissage ou alternance      (H/F),57 - METZ,57000,57,AFTRAL
39,2021-02-04T14:23:20.000Z,2021-02,Magasinier / Magasinière,57 - METZ,57000,57,
40,2021-04-09T10:11:34.000Z,2021-04,Poste : employé(e) commercial(e) en magasin en apprentissag (H/F),57 - SARREBOURG,57400,57,ISEAH FORMATION 
41,2021-03-18T16:37:09.000Z,2021-03,BAC PRO LOGISTIQUE  apprentissage ou alternance      (H/F),57 - ENNERY,57365,57,AFTRAL
42,2021-03-12T03:58:50.000Z,2021-03,Chargé / Chargée d'études de marché (H/F),67 - CHATENOIS,67730,67,
43,2021-03-18T16:32:24.000Z,2021-03,BAC PRO LOGISTIQUE  apprentissage ou alternance      (H/F),57 - HAGONDANGE,57300,57,AFTRAL
44,2021-04-01T03:56:35.000Z,2021-04,Préparateur / Préparatrice de commandes drive en grande distribution (H/F),68 - ILLZACH,68110,68,
45,2021-03-19T13:34:45.000Z,2021-03,Préparateur / Préparatrice de commandes drive en grande distribution,68 - VOLGELSHEIM,68600,68,Intermarché
46,2021-03-23T14:09:30.000Z,2021-03,Apprenti(e) Magasinier vendeur / Magasinière vendeuse (H/F),67 - MARLENHEIM,67520,67,NIESS AGRICULTURE
47,2021-03-10T11:06:31.000Z,2021-03,Préparateur / Préparatrice de commandes   (H/F),71 - CHALON SUR SAONE,71100,71,ABSKILL
48,2021-02-23T15:18:15.000Z,2021-02,CAP/BAC PRO Opérateur Logistique (H/F),67 - ILLKIRCH GRAFFENSTADEN,67400,67,GROUPE STIHLE 
49,2021-03-11T08:53:09.000Z,2021-03,Apprenti(e) Employé/Employée en E-commerce (H/F),67 - OBERHAUSBERGEN,67205,67,INTERMARCHE
50,2021-03-24T17:57:03.000Z,2021-03,Agent magasinier / Agente magasinière gestionnaire de stocks (H/F),51 - PIERRY,51530,51,MPRO ORMES 
51,2021-03-24T15:42:54.000Z,2021-03,Apprenti Vendeur Magasinier          (H/F),67 - STRASBOURG,67100,67,POIDS LOURD UTILITAIRE SERVICES
52,2021-03-15T17:02:32.000Z,2021-03,Préparateur / Préparatrice de commandes      (H/F),71 - AUTUN,71400,71,AFTRAL
53,2021-03-31T08:23:49.000Z,2021-03,Préparateur / Préparatrice de commandes       (H/F),71 - MACON,71000,71,AFTRAL
54,2021-04-08T10:17:41.000Z,2021-04,Magasinier / Magasinière en pièces et fournitures automobiles,45 - VILLEMANDEUR,45700,45,ATAC MONTARGIS
55,2021-03-10T06:56:10.000Z,2021-03,Préparateur / Préparatrice de commandes drive en grande distribution (H/F),58 - MARZY,58180,58,
56,2021-03-29T15:13:59.000Z,2021-03,Chargé / Chargée d'études en marketing (H/F),77 - PRINGY,77310,77,TENTE
57,2021-04-08T06:17:01.000Z,2021-04,Préparateur / Préparatrice de commandes drive en grande distribution (H/F),77 - PONTAULT COMBAULT,77340,77,
58,2021-03-24T07:52:54.000Z,2021-03,Préparateur / Préparatrice de commandes drive en grande distribution (H/F),77 - PONTAULT COMBAULT,77340,77,
59,2021-03-24T07:43:44.000Z,2021-03,Préparateur / Préparatrice de commandes drive en grande distribution (H/F),77 - PONTAULT COMBAULT,77340,77,
60,2021-03-18T11:44:20.000Z,2021-03,Préparateur / préparatrice de commande drive (H/F),77 - PONTAULT COMBAULT,77340,77,
61,2021-04-01T03:40:34.000Z,2021-04,Préparateur / Préparatrice de commandes drive en grande distribution (H/F),77 - CHELLES,77500,77,
62,2021-04-03T10:42:23.000Z,2021-04,Préparateur / Préparatrice de commandes drive en grande distribution (H/F),94 - ORMESSON SUR MARNE,94490,94,
63,2021-03-18T14:37:36.000Z,2021-03,Préparateur / Préparatrice de commandes drive en grande distribution (H/F),94 - ORMESSON SUR MARNE,94490,94,
64,2021-03-29T23:04:50.000Z,2021-03,Assistant / Assistante de communication (H/F),93 - MONTREUIL,93100,93,Sébastien Burlet
65,2021-03-21T08:59:42.000Z,2021-03,Préparateur / Préparatrice de commandes (H/F),91 - ATHIS MONS,91200,91,
66,2021-03-22T17:45:11.000Z,2021-03,Agent / Agente logistique en magasinage (H/F),91 - ATHIS MONS,91200,91,
67,2021-02-17T07:43:45.000Z,2021-02,Préparateur de commandes (H/F) - Belleville (Dep. 69),69 - BELLEVILLE EN BEAUJOLAIS,69220,69,
68,2021-03-26T11:04:30.000Z,2021-03,UN ALTERNANT- CHARGE DE COMMUNICATION  (H/F),94 - VITRY SUR SEINE,94400,94,SANOFI-AVENTIS GROUPE
69,2021-03-05T10:55:19.000Z,2021-03,Chargé / Chargée d'études socio-économiques (H/F),94 - IVRY SUR SEINE,94200,94,BLUELINK
70,2021-03-17T14:45:48.000Z,2021-03,Magasinier / Magasinière cariste,95 - MARLY LA VILLE,95670,95,
71,2021-04-06T11:39:34.000Z,2021-04,Chargé / Chargée d'études commerciales   (H/F),94 - VILLEJUIF,94800,94,CFA EHL
72,2021-04-06T15:49:46.000Z,2021-04,UN ALTERNANT - DATA SCIENTIST MACHING LEARNING  (H/F),94 - GENTILLY,94250,94,SANOFI-AVENTIS GROUPE
73,2021-03-18T09:55:08.000Z,2021-03,Chargé / Chargée de communication (H/F),94 - ARCUEIL,94110,94,
74,2021-03-23T10:31:39.000Z,2021-03,Chargé / Chargée de communication (H/F),94 - ARCUEIL,94110,94,ETAT-MAJOR DU SERVICE MILITAIRE VOLONTAIRE
75,2021-04-04T11:04:03.000Z,2021-04,Chargé / Chargée de communication (H/F),75 - PARIS 01,75001,75,
76,2021-04-02T04:54:32.000Z,2021-04,Préparateur / Préparatrice de commandes (H/F),75 - PARIS 01,75001,75,
77,2021-04-06T13:43:57.000Z,2021-04,Apprenti(e) Coiffeur(se) (H/F),75 - PARIS 20,75020,75,RC CREATION
78,2021-04-08T15:56:30.000Z,2021-04,Coiffeur / Coiffeuse (H/F),75 - PARIS 04,75004,75,
79,2021-04-05T05:11:07.000Z,2021-04,Chargé(e) de communication (H/F),75 - PARIS 01,75001,75,
80,2021-04-05T05:08:52.000Z,2021-04,Alternance - Assistant Communication Interne (H/F),75 - PARIS 01,75001,75,
81,2021-03-30T15:39:27.000Z,2021-03,Chargé de Communication et Marque Employeur (H/F),75 - PARIS 01,75001,75,
82,2021-03-26T15:39:41.000Z,2021-03,Assistant Communication (H/F),75 - PARIS 01,75001,75,
83,2021-04-08T14:16:18.000Z,2021-04,Chargé(e) de communication Média en ALTERNANCE (H/F),75 - PARIS 14,75014,75,APEC 14
84,2021-04-08T14:12:53.000Z,2021-04,Chargé(e) de communication en ALTERNANCE (H/F),75 - PARIS 14,75014,75,APEC 14
85,2021-04-08T11:30:58.000Z,2021-04,Communication évènementiels en ALTERNANCE (H/F),75 - PARIS 14,75014,75,APEC 14
86,2021-04-09T15:29:02.000Z,2021-04,Chargé(e) d'études - Corporate Finance - H/F - PARIS (H/F),75 - PARIS 01,75001,75,
87,2021-03-06T14:59:43.000Z,2021-03,Responsable de livraison fonctionnelle/Data analyst H/F,92 - MONTROUGE,92120,92,
88,2021-04-09T04:03:43.000Z,2021-04,Chef de projet évènementiel (H/F),91 - PALAISEAU,91120,91,
89,2021-02-24T08:54:01.000Z,2021-02,Ouvrier / Ouvrière agricole en production laitière (H/F),74 - ETERCY,74150,74,SCE DE REMPLACEMENT DE HTE SAVOIE
90,2021-04-07T07:45:13.000Z,2021-04,Chargé / Chargée de communication (H/F),74 - ANNECY,74000,74,
91,2021-04-08T15:55:42.000Z,2021-04,UN ALTERNANT - CHARGE DE PROJET FORMATION DIGITALE  (H/F),69 - NEUVILLE SUR SAONE,69250,69,SANOFI-AVENTIS GROUPE
92,2021-03-02T16:04:49.000Z,2021-03,Préparateur / Préparatrice de commandes (H/F),75 - Paris (Dept.),,na,
93,2021-02-17T09:54:57.000Z,2021-02,Préparateur / Préparatrice de commandes (H/F),75 - Paris (Dept.),,na,
94,2021-04-02T05:40:01.000Z,2021-04,Alternant(e) communication média & digital (H/F),39 - ROCHEFORT SUR NENON,39462,39,
95,2021-03-31T03:49:21.000Z,2021-03,Alternant communication interne Supply Chain (H/F),39 - ROCHEFORT SUR NENON,39462,39,
96,2021-04-03T10:50:32.000Z,2021-04,APPRENTI COMMUNICATION INTERNE - H/F,74 - ARCHAMPS,74160,74,
97,2021-04-08T06:20:42.000Z,2021-04,Assistant Social Media Manager H/F,75 - PARIS 19,75019,75,
98,2021-04-10T10:56:35.000Z,2021-04,Alternance - Attaché de presse F/H (H/F),75 - PARIS 19,75019,75,
99,2021-04-08T06:18:05.000Z,2021-04,Chargé de d'actions et de relations commerciales H/F,75 - PARIS 03,75003,75,
0,2021-03-25T16:53:07.000Z,2021-03,Coiffeur(se) en alternance préparation du cap (H/F),35 - CHANTEPIE,35135,35,PASSAGE BLEU
1,2021-03-24T11:57:14.000Z,2021-03,Maçon / Maçonne (H/F),53 - CRAON,53400,53,ADECCO
2,2021-04-09T04:04:34.000Z,2021-04,Chargé / Chargée de communication (H/F),44 - BONNOEUVRE,44540,44,
3,2021-03-11T18:28:51.000Z,2021-03,Manoeuvre travaux publics (H/F),44 - HERIC,44810,44,SAS LANDAIS ANDRE
4,2021-03-04T14:02:07.000Z,2021-03,Se former comme aide maçon (H/F),44 - HERBIGNAC,44410,44,
5,2021-03-29T15:14:52.000Z,2021-03,Manoeuvre travaux publics (H/F),22 - TREGUEUX,22950,22,BOUYGUES ENERGIES & SERVICES
6,2021-03-22T14:55:08.000Z,2021-03,Assistant / Assistante de communication (H/F),44 - ANCENIS,44150,44,REL-IT
7,2021-03-29T10:21:21.000Z,2021-03,Assistant / Assistante de communication (H/F),56 - SENE,56860,56,MAIRIE
8,2021-03-24T02:53:34.000Z,2021-03,Chargé / Chargée de communication (H/F),44 - ST HERBLAIN,44800,44,
9,2021-03-30T17:14:34.000Z,2021-03,Chargé / Chargée de communication (H/F),72 - SABLE SUR SARTHE,72300,72,SABLE DISTRIBUTION
10,2021-03-24T09:58:24.000Z,2021-03,Apprenti(e) coiffeur(se) (H/F),44 - BATZ SUR MER,44740,44,L'HAIR DU TEMPS
11,2021-04-08T12:28:47.000Z,2021-04,Coiffeur / Coiffeuse,44 - ST MARS DE COUTAIS,44680,44,VOLLARD ADELINE
12,2021-04-08T03:56:58.000Z,2021-04,Manoeuvre bâtiment (H/F),49 - VERRIERES EN ANJOU,49480,49,
13,2021-03-24T18:19:36.000Z,2021-03,ALTERNANT(E) TRAVAUX PUBLICS (H/F),44 - LE BIGNON,44140,44,BOUYGUES ENERGIES & SERVICES
14,2021-03-16T15:48:25.000Z,2021-03,Coiffeur / Coiffeuse,56 - QUIBERON,56170,56,LAURENT PHILIPPE (COIFFURE)
15,2021-03-29T15:24:56.000Z,2021-03,Alternant Travaux Publics 56850 (H/F),56 - CAUDAN,56850,56,BOUYGUES ENERGIES & SERVICES
16,2021-03-26T15:41:41.000Z,2021-03,Chargé / Chargée de communication (H/F),72 - LE MANS,72000,72,PROFESSION SPORT ET LOISIRS SARTHE
17,2021-04-06T17:39:18.000Z,2021-04,BP Coiffeur / Coiffeuse en alternance (H/F),29 - QUIMPERLE,29300,29,GB HAIR
18,2021-04-01T11:00:39.000Z,2021-04,Coiffeur / Coiffeuse (H/F),14 - ST CONTEST,14280,14,SALON SANDRO LEANDRE
19,2021-03-24T18:21:04.000Z,2021-03,ALTERNANT(E) TRAVAUX PUBLICS  (H/F),85 - LA ROCHE SUR YON,85000,85,BOUYGUES ENERGIES & SERVICES
20,2021-03-30T17:13:38.000Z,2021-03,ALTERNANCE TRAVAUX PUBLICS (F/H) (H/F),79 - COURLAY,79440,79,BOUYGUES ENERGIES & SERVICES
21,2021-03-29T15:20:48.000Z,2021-03,Alternant travaux publics 29000 (H/F),29 - QUIMPER,29000,29,BOUYGUES ENERGIES & SERVICES
22,2021-03-17T14:48:59.000Z,2021-03,Préparation du BP coiffure en apprentissage (H/F),14 - PONT L EVEQUE,14130,14,TCHIP COIFFURE
23,2021-03-24T03:10:25.000Z,2021-03,Chargé / Chargée de communication (H/F),37 - TOURS,37000,37,
24,2021-02-23T12:20:16.000Z,2021-02,Coiffeur / Coiffeuse mixte,79 - PARTHENAY,79200,79,NIVAULT DANIELLE MARIE CLAUDE
25,2021-04-09T03:53:17.000Z,2021-04,Chargé / Chargée de communication (H/F),29 - BREST,29200,29,
26,2021-04-07T19:15:14.000Z,2021-04,Alternance Chargé de Communication H/F,29 - BREST,29019,29,
27,2021-03-26T14:03:28.000Z,2021-03,Chargé / Chargée de communication (H/F),76 - OUDALLE,76430,76,TOTAL MARKETING SERVICES - TOTAL FLUIDE
28,2021-03-30T17:10:44.000Z,2021-03,ALTERNANCE TRAVAUX PUBLICS (F/H) (H/F),79 - NIORT,79000,79,BOUYGUES ENERGIES & SERVICES
29,2021-04-06T12:23:56.000Z,2021-04,Coiffeur / Coiffeuse (H/F),17 - VERINES,17540,17,
30,2021-03-26T10:27:57.000Z,2021-03,Chargé / Chargée de communication (H/F),86 - POITIERS,86000,86,A.F.C
31,2021-03-30T17:06:47.000Z,2021-03,ALTERNANCE TRAVAUX PUBLICS (F/H) (H/F),86 - SMARVES,86240,86,BOUYGUES ENERGIES & SERVICES
32,2021-03-16T09:06:47.000Z,2021-03,Chef de projet évènementiel  (H/F),44 - NANTES,44000,44,ALTERNANCE PAYS DE LOIRE
33,2021-03-24T03:12:02.000Z,2021-03,Conseiller / Conseillère en organisation d'évènementiel de particuliers (H/F),44 - ST HERBLAIN,44800,44,
34,2020-08-18T20:01:25.000Z,2020-08,Agent d'élevage laitier F-H (H/F),35 - MELESSE,35520,35,
35,2021-03-23T10:27:50.000Z,2021-03,Agent d'élevage bovin viande F-H (H/F),35 - DOMLOUP,35410,35,
36,2021-04-10T04:59:41.000Z,2021-04,Responsable prévision des ventes (H/F),35 - BOURGBARRE,35230,35,
37,2021-03-23T10:31:40.000Z,2021-03,Agent d'élevage laitier F-H (H/F),35 - CINTRE,35310,35,
38,2021-03-23T16:18:12.000Z,2021-03,Agent d'élevage laitier F-H (H/F),35 - HEDE BAZOUGES,35630,35,
39,2021-03-23T10:31:14.000Z,2021-03,Agent d'élevage laitier F-H (H/F),35 - IFFENDIC,35750,35,
40,2021-03-23T10:29:28.000Z,2021-03,Agent d'élevage laitier F-H (H/F),35 - BAIS,35680,35,
41,2021-03-23T10:28:15.000Z,2021-03,Agent d'élevage laitier F-H (H/F),35 - GUIPRY MESSAC,35480,35,
42,2021-03-23T10:30:32.000Z,2021-03,Agent d'élevage laitier F-H (H/F),35 - PLELAN LE GRAND,35380,35,
43,2021-03-09T16:08:00.000Z,2021-03,Agent d'élevage laitier F-H (H/F),35 - DOMALAIN,35680,35,
44,2021-03-23T10:33:27.000Z,2021-03,Agent d'élevage laitier F-H (H/F),35 - MARTIGNE FERCHAUD,35640,35,
45,2021-03-23T10:31:48.000Z,2021-03,Agent d'élevage laitier F-H (H/F),35 - LES PORTES DU COGLAIS,35460,35,
46,2021-03-23T10:27:06.000Z,2021-03,Agent d'élevage laitier F-H (H/F),35 - LES PORTES DU COGLAIS,35460,35,
47,2021-03-24T18:09:45.000Z,2021-03,Agent d'élevage bovin viande F-H (H/F),35 - SIXT SUR AFF,35550,35,
48,2021-03-03T17:58:33.000Z,2021-03,Magasinier / Magasinière (H/F),44 - CHATEAUBRIANT,44110,44,Destination apprentissage
49,2021-03-23T10:28:31.000Z,2021-03,Agent d'élevage laitier F-H (H/F),35 - STE MARIE,35600,35,
50,2021-03-24T03:00:40.000Z,2021-03,Chargé / Chargée d'études en marketing (H/F),35 - ST MALO,35400,35,
51,2021-04-02T15:38:32.000Z,2021-04,Agent d'élevage laitier F-H (H/F),53 - AMPOIGNE,53200,53,
52,2021-03-19T16:42:37.000Z,2021-03,Opérateur logistique en alternance (H/F),44 - ST MARS LA JAILLE,44540,44,GARNIER LOGISTIQUE ET TRANSPORT
53,2020-11-03T15:21:06.000Z,2020-11,Agent d'élevage laitier F-H (H/F),44 - NOTRE DAME DES LANDES,44130,44,
54,2021-03-09T15:58:54.000Z,2021-03,Agent d'élevage bovin viande F-H (H/F),53 - MAYENNE,53100,53,
55,2021-02-17T15:31:38.000Z,2021-02,Agent d'élevage laitier F-H (H/F),56 - GUELTAS,56920,56,
56,2021-03-19T11:23:35.000Z,2021-03,Agent d'élevage laitier F-H (H/F),22 - PLOEUC L HERMITAGE,22150,22,
57,2021-03-12T17:30:07.000Z,2021-03,Alternance Préparateur de commandes (H/F),44 - ANCENIS,44150,44,LAITA
58,2021-04-06T11:27:22.000Z,2021-04,Magasinier / Magasinière en pièces détachées -en alternance (H/F),44 - ORVAULT,44700,44,RETRAVAILLER PAYS DE LA LOIRE - SIEGE
59,2021-03-31T15:53:40.000Z,2021-03,Data scientist (H/F),56 - VANNES,56000,56,
60,2021-03-02T07:02:37.000Z,2021-03,Préparateur / Préparatrice de commandes drive en grande distribution (H/F),56 - VANNES,56000,56,
61,2021-03-31T03:48:49.000Z,2021-03,Préparateur / Préparatrice de commandes drive en grande distribution (H/F),44 - NANTES,44300,44,
62,2021-03-11T09:23:05.000Z,2021-03,Préparateur / Préparatrice de commandes drive en grande dis (H/F),44 - ST HERBLAIN,44800,44,RETRAVAILLER PAYS DE LA LOIRE - SIEGE
63,2021-04-07T14:24:16.000Z,2021-04,Préparateur / Préparatrice de commandes drive en grande dis (H/F),56 - BAUD,56150,56,LODIMA OUEST
64,2021-03-02T21:48:11.000Z,2021-03,Magasinier vendeur / Magasinière vendeuse (H/F),56 - CRACH,56950,56,EURL MANE DECO  MARCHE AUX AFFAIRES
65,2020-08-27T16:05:47.000Z,2020-08,Agent d'élevage laitier F-H (H/F),29 - GUILLIGOMARC H,29300,29,
66,2021-03-26T10:05:22.000Z,2021-03,Préparateur / Préparatrice de commandes,49 - CHOLET,49300,49,CARREFOUR SUPPLY CHAIN
67,2021-03-04T08:58:07.000Z,2021-03,Préparateur / Préparatrice de commandes drive en grande distribution (H/F),72 - LE MANS,72100,72,
68,2021-03-17T10:55:38.000Z,2021-03,Magasinier / Magasinière cariste,14 - ST MARTIN DES ENTREES,14400,14,AFTRAL
69,2021-04-09T13:51:27.000Z,2021-04,Conseiller Vendeur en Alternance (H/F),79 - ST MAURICE ETUSSON,79150,79,Terrena
70,2021-04-01T16:36:32.000Z,2021-04,Préparateur / Préparatrice de commandes,14 - CARPIQUET,14650,14,CARREFOUR SUPPLY CHAIN
71,2021-03-30T03:52:59.000Z,2021-03,Préparateur / Préparatrice de commandes (H/F),14 - CARPIQUET,14650,14,
72,2021-03-17T09:14:31.000Z,2021-03,Apprenti(e) magasinier cariste (H/F),14 - MONDEVILLE,14120,14,AFTRAL 
73,2020-10-21T15:44:55.000Z,2020-10,Agent d'élevage laitier F-H (H/F),85 - FOUGERE,85480,85,
74,2021-04-09T13:54:19.000Z,2021-04,Conseiller Vendeur en Alternance (H/F),79 - BRESSUIRE,79300,79,Terrena
75,2021-04-09T15:31:06.000Z,2021-04,Magasinier / Magasinière (H/F),85 - AUBIGNY LES CLOUZEAUX,85430,85,ROUTHIAU
76,2021-03-30T17:14:39.000Z,2021-03,Préparateur / Préparatrice de commandes drive en grande distribution (H/F),72 - CHERRE,72400,72,FIFERDIS SAS
77,2021-03-17T09:30:44.000Z,2021-03,Préparateur / Préparatrice de commandes,14 - HOULGATE,14510,14,AFTRAL
78,2021-04-08T16:28:33.000Z,2021-04,UN ALTERNANT - ASSISTANT MAGASINIER  (H/F),14 - LISIEUX,14100,14,SANOFI-AVENTIS GROUPE
79,2020-09-03T18:22:05.000Z,2020-09,Agent d'élevage laitier F-H (H/F),29 - PLOGONNEC,29180,29,
80,2020-08-18T19:51:05.000Z,2020-08,Agent d'élevage bovin viande F-H (H/F),85 - FOUSSAIS PAYRE,85240,85,
81,2021-04-09T13:54:16.000Z,2021-04,Conseiller Vendeur en Alternance (H/F),79 - MAZIERES EN GATINE,79310,79,Terrena
82,2021-03-21T20:47:49.000Z,2021-03,Alternance - Opérateur Logistique H/F,29 - BREST,29019,29,
0,2021-04-04T12:49:00.000Z,2021-04,Chargé / Chargée de communication (H/F),38 - ST MARTIN D HERES,38400,38,
1,2021-03-08T14:40:36.000Z,2021-03,Coiffeur / Coiffeuse (H/F),38 - GRENOBLE,38000,38,IMT   INSTITUT METIERS ET TECHNIQUES
2,2021-03-08T14:31:37.000Z,2021-03,Coiffeur / Coiffeuse,73 - LES ECHELLES,73360,73,IMT   INSTITUT METIERS ET TECHNIQUES
3,2021-04-06T10:11:22.000Z,2021-04,Coiffeur / Coiffeuse mixte,43 - LE CHAMBON SUR LIGNON,43400,43,INVEN-TIF
4,2021-03-23T09:45:54.000Z,2021-03,Apprenti / Apprentie Communication (H/F),30 - CODOLET,30200,30,CYCLIFE
5,2021-03-17T10:42:27.000Z,2021-03,Chargé / Chargée de communication (H/F) ,38 - ST QUENTIN FALLAVIER,38070,38,DISTRIBUTION SERVICES IKEA FRANCE
6,2021-04-02T11:45:17.000Z,2021-04,Coiffeur / Coiffeuse (H/F),84 - AVIGNON,84000,84,JEAN LOUIS DAVID
7,2021-04-02T11:06:24.000Z,2021-04,Coiffeur / Coiffeuse (H/F),84 - AVIGNON,84000,84,SARL - MARAQUIZ (SALON FRANCK PROVOST)
8,2021-04-02T07:54:12.000Z,2021-04,Chargé / Chargée de communication (H/F),42 - ST ETIENNE,42000,42,
9,2021-04-02T14:27:56.000Z,2021-04,Chargé.e de communication en alternance (H/F),69 - LYON 08,69008,69,THE NUUM FACTORY
10,2021-03-16T09:42:12.000Z,2021-03,Coiffeur / Coiffeuse,04 - MANOSQUE,04100,04,COIFFURE ATTITUDE
11,2021-04-06T10:20:51.000Z,2021-04,UN ALTERNANT - CHARGE DE COMMUNICATION ET PROJETS DIGITAUX  (H/F),69 - LYON 01,69001,69,SANOFI-AVENTIS GROUPE
12,2021-03-18T10:31:38.000Z,2021-03,Chargé / Chargée de communication (H/F),69 - LYON 01,69001,69,
13,2021-03-01T03:03:44.000Z,2021-03,Chargé / Chargée de communication (H/F),69 - LYON 01,69001,69,
14,2021-02-26T06:05:46.000Z,2021-02,Chargé / Chargée de communication (H/F),69 - LYON 01,69001,69,
15,2021-03-31T18:49:32.000Z,2021-03,Chargé / Chargée de communication (H/F),69 - LIMONEST,69760,69,
16,2021-04-02T10:53:15.000Z,2021-04,Coiffeur / Coiffeuse (H/F),13 - SALON DE PROVENCE,13300,13,JEAN LOUIS DAVID
17,2021-04-02T10:38:11.000Z,2021-04,Coiffeur / Coiffeuse (H/F),13 - SALON DE PROVENCE,13300,13,LMA COIFFURE - FRANCK PROVOST
18,2021-03-31T16:14:16.000Z,2021-03,Alternant(e) Communication et Gestion Web (H/F),13 - VENELLES,13770,13,MY BUSINESS SCHOOL
19,2021-04-07T07:45:13.000Z,2021-04,Chargé / Chargée de communication (H/F),74 - ANNECY,74000,74,
20,2021-04-08T06:32:14.000Z,2021-04,apprenti coiffeur(se) (H/F),13 - AIX EN PROVENCE,13080,13,ARTIGNAN JACQUES
21,2021-03-19T14:55:40.000Z,2021-03,Coiffeur / Coiffeuse,42 - VIOLAY,42780,42,COIFFURE SYLVIE
22,2021-02-18T17:24:18.000Z,2021-02,Apprenti coiffure Brevet Pro  (H/F),13 - MEYREUIL,13590,13,SALON DE COIFFURE LE CASTEL
23,2021-02-09T15:07:58.000Z,2021-02,Coiffeur/Coiffeuse en contrat d'apprentissage  (H/F),13 - LES PENNES MIRABEAU,13170,13,JEAN CLAUDE DIFFUSION
24,2021-03-19T11:23:32.000Z,2021-03,Chargé / Chargée de communication (H/F),13 - MARTIGUES,13500,13,FDM GROUPE
25,2021-03-18T17:22:23.000Z,2021-03,Chargé / Chargée de communication (H/F),13 - MARTIGUES,13117,13,FDM GROUPE
26,2021-02-23T11:24:27.000Z,2021-02,Assistant / Assistante de communication (H/F),83 - BRIGNOLES,83170,83,
27,2021-04-08T15:26:18.000Z,2021-04,APPRENTI(E) pour BP (H/F),83 - LORGUES,83510,83,VALERIE POZZO
28,2021-04-07T04:06:08.000Z,2021-04,Chargé / Chargée de communication (H/F),13 - MARSEILLE 01,13001,13,
29,2021-03-26T11:06:50.000Z,2021-03,Apprenti coiffeur H/F,48 - ST CHELY D APCHER,48200,48,JENNIF'HAIR
30,2021-04-09T12:24:36.000Z,2021-04,Apprenti Coiffeur / Coiffeuse (H/F),13 - MARSEILLE 08,13008,13,BEROL
31,2021-03-31T13:34:15.000Z,2021-03,Apprenti coiffeur/coiffeuse (H/F),13 - MARSEILLE 08,13008,13,SALON DEGUER
32,2021-03-30T17:14:37.000Z,2021-03,Chargé / Chargée de communication (H/F),83 - LE LUC,83340,83,LECASUD Services centraux
33,2021-04-01T15:30:42.000Z,2021-04,Chargé / Chargée de communication (H/F),71 - MACON,71000,71,ALTERNANCE BOURGOGNE
34,2021-04-04T10:03:44.000Z,2021-04,Assistant coiffeur / Assistante coiffeuse (H/F),01 - SEGNY,01170,01,PASCAL COSTE
35,2021-04-01T14:18:05.000Z,2021-04,Coiffeur / Coiffeuse,83 - LE MUY,83490,83,MEO
36,2021-04-06T09:37:39.000Z,2021-04,Chargé / Chargée de communication en  CONTRAT D'APPRENTISSA (H/F),34 - MONTPELLIER,34000,34,INSTEP OCCITANIE
37,2021-03-31T17:02:04.000Z,2021-03,Chargé / Chargée de communication (H/F),34 - MONTPELLIER,34000,34,Talentis Horizon
38,2021-03-24T19:24:39.000Z,2021-03,Chargé / Chargée de communication (H/F),34 - MONTPELLIER,34000,34,CESI MONTPELLIER
39,2021-03-29T17:39:20.000Z,2021-03,Chargé / Chargée de communication,13 - LA CIOTAT,13600,13,
40,2021-04-01T07:50:48.000Z,2021-04,Chargé / Chargée de communication (H/F),06 - NICE,06000,06,
41,2021-03-31T20:34:55.000Z,2021-03,Alternance - Appui Communication H/F,06 - NICE,06088,06,
42,2021-03-31T20:34:47.000Z,2021-03,Alternance - Chargé de Communication H/F,06 - NICE,06088,06,
43,2021-03-26T08:52:34.000Z,2021-03,Chargé / Chargée de communication (H/F),83 - HYERES,83400,83,
44,2021-04-02T07:55:30.000Z,2021-04,Chargé / Chargée de communication (H/F),83 - LA LONDE LES MAURES,83250,83,
45,2021-03-22T04:59:41.000Z,2021-03,Chargé / Chargée de communication (H/F),63 - CLERMONT FERRAND,63000,63,
46,2021-03-17T14:37:32.000Z,2021-03,Coiffeur / Coiffeuse (H/F),63 - CLERMONT FERRAND,63000,63,L HOMME VU PAR CHARLOTTE
47,2021-03-05T11:37:22.000Z,2021-03,Chargé / Chargée de communication (H/F),71 - MONTCEAU LES MINES,71300,71,ALTERNANCE BOURGOGNE
48,2021-04-08T15:55:42.000Z,2021-04,UN ALTERNANT - CHARGE DE PROJET FORMATION DIGITALE  (H/F),69 - NEUVILLE SUR SAONE,69250,69,SANOFI-AVENTIS GROUPE
49,2021-03-30T03:51:54.000Z,2021-03,Préparateur / Préparatrice de commandes drive en grande distribution (H/F),38 - MEYLAN,38240,38,
50,2021-03-18T14:40:58.000Z,2021-03,Préparateur / Préparatrice de commandes drive en grande distribution (H/F),26 - MONTELIMAR,26200,26,
51,2021-03-18T14:29:55.000Z,2021-03,Préparateur / Préparatrice de commandes drive en grande distribution (H/F),30 - PONT ST ESPRIT,30130,30,
52,2021-03-29T17:42:32.000Z,2021-03,APPRENTI PREPARATEUR DE COMMANDES (H/F),38 - ST QUENTIN FALLAVIER,38070,38,MEDIALIS
53,2021-03-19T16:35:39.000Z,2021-03,Opérateur / Opératrice logistique en entrepôt (H/F),38 - ST QUENTIN FALLAVIER,38070,38,AFTRAL Saint Quentin Fallavier
54,2021-02-27T14:54:04.000Z,2021-02,Préparateur / Préparatrice de commandes drive en grande distribution (H/F),30 - UZES,30700,30,
55,2021-04-02T04:57:10.000Z,2021-04,Chargé / Chargée d'études en marketing (H/F),69 - LYON 01,69001,69,
56,2021-03-23T03:48:01.000Z,2021-03,Data Financial Analyst H/F,69 - CALUIRE ET CUIRE,69300,69,
57,2021-02-05T11:16:16.000Z,2021-02,Magasinier vendeur / Magasinière vendeuse  (H/F),43 - PRADELLES,43420,43,DEA FORMATION
58,2021-02-02T16:55:00.000Z,2021-02,Magasinier vendeur / Magasinière vendeuse (H/F),43 - LE PUY EN VELAY,43000,43,DEA FORMATION
59,2021-03-30T05:40:05.000Z,2021-03,Chargé d'études marketing (H/F),69 - LIMONEST,69760,69,
60,2021-03-30T10:41:59.000Z,2021-03,Préparateur / Préparatrice de commandes,13 - SALON DE PROVENCE,13300,13,CENTRE DE VOCATION DES METIERS ET CARRIE
61,2021-03-24T07:44:48.000Z,2021-03,Préparateur / Préparatrice de commandes (H/F),13 - SALON DE PROVENCE,13300,13,
62,2021-02-24T08:54:01.000Z,2021-02,Ouvrier / Ouvrière agricole en production laitière (H/F),74 - ETERCY,74150,74,SCE DE REMPLACEMENT DE HTE SAVOIE
63,2021-04-03T10:42:19.000Z,2021-04,Préparateur / Préparatrice de commandes drive en grande distribution (H/F),30 - NIMES,30000,30,
64,2021-03-18T14:29:06.000Z,2021-03,Préparateur / Préparatrice de commandes (H/F),30 - NIMES,30000,30,
65,2021-03-21T20:47:40.000Z,2021-03,Opérateur / Opératrice logistique en entrepôt (H/F),30 - NIMES,30000,30,ESICAD
66,2021-03-18T14:29:52.000Z,2021-03,Préparateur / Préparatrice de commandes drive en grande distribution (H/F),13 - MIRAMAS,13140,13,
67,2021-03-18T14:28:06.000Z,2021-03,Préparateur / Préparatrice de commandes drive en grande distribution (H/F),13 - ROGNAC,13340,13,
68,2021-03-09T05:57:12.000Z,2021-03,Préparateur / Préparatrice de commandes drive en grande distribution (H/F),13 - VITROLLES,13127,13,
69,2021-03-05T06:04:10.000Z,2021-03,Préparateur / Préparatrice de commandes drive en grande distribution (H/F),13 - VITROLLES,13127,13,
70,2021-03-24T12:52:46.000Z,2021-03,Agent / Agente logistique en magasinage (H/F),13 - BOUC BEL AIR,13320,13,
71,2021-02-17T07:43:45.000Z,2021-02,Préparateur de commandes (H/F) - Belleville (Dep. 69),69 - BELLEVILLE EN BEAUJOLAIS,69220,69,
72,2021-04-09T19:16:05.000Z,2021-04,Préparateur / Préparatrice de commandes (H/F),34 - BOISSERON,34160,34,CFA TRANSPORT ET LOGISTIQUE AFTRAL
73,2021-03-24T07:43:44.000Z,2021-03,Préparateur / Préparatrice de commandes drive en grande distribution (H/F),13 - PORT DE BOUC,13110,13,
74,2021-04-07T06:56:24.000Z,2021-04,Préparateur / Préparatrice de commandes drive en grande distribution (H/F),13 - CHATEAUNEUF LES MARTIGUES,13220,13,
75,2021-03-09T05:57:03.000Z,2021-03,Préparateur / Préparatrice de commandes drive en grande distribution (H/F),13 - CHATEAUNEUF LES MARTIGUES,13220,13,
76,2021-03-03T15:13:30.000Z,2021-03,Apprenti(e) support commercial et ventes pour régions amérique latine et afrique & moyen orient (h/f),13 - MARSEILLE 01,13001,13,
77,2021-03-03T15:04:33.000Z,2021-03,"Apprenti(e) ingénieur en data-science, intelligence artificielle (h/f)",13 - MARSEILLE 01,13001,13,
78,2021-03-03T15:03:08.000Z,2021-03,Apprenti(e) en économétrie pour analyse de marché (h/f),13 - MARSEILLE 01,13001,13,
79,2021-02-26T16:17:58.000Z,2021-02,Apprenti(e) ingénieur en informatique pour la sécurité et fiabilité des hélicoptères (h/f),13 - MARSEILLE 01,13001,13,
80,2021-02-10T13:03:52.000Z,2021-02,Apprenti(e) ingénieur environnement et veille réglementaire (h/f),13 - MARSEILLE 01,13001,13,
81,2021-02-23T09:25:31.000Z,2021-02,Apprenti(e) ingénieur data scientist (h/f),13 - MARSEILLE 01,13001,13,
82,2021-03-19T18:19:55.000Z,2021-03,Préparateur / Préparatrice de commandes drive en grande distribution (H/F),83 - TRANS EN PROVENCE,83720,83,
83,2021-03-23T20:04:01.000Z,2021-03,Préparateur / Préparatrice de commandes (H/F),34 - ST AUNES,34130,34,CFA TRANSPORT ET LOGISTIQUE AFTRAL
84,2021-03-18T14:31:33.000Z,2021-03,Préparateur / Préparatrice de commandes drive en grande distribution (H/F),34 - LE CRES,34920,34,
85,2021-03-05T14:59:14.000Z,2021-03,Préparateur / Préparatrice de commandes (H/F),34 - LE CRES,34920,34,CESAME SUP
86,2021-03-31T08:23:49.000Z,2021-03,Préparateur / Préparatrice de commandes       (H/F),71 - MACON,71000,71,AFTRAL
87,2021-03-05T16:11:25.000Z,2021-03,Préparateur / Préparatrice de commandes (H/F),34 - CASTELNAU LE LEZ,34170,34,CESAME SUP
88,2021-04-09T19:15:45.000Z,2021-04,Préparateur / Préparatrice de commandes (H/F),34 - PEROLS,34470,34,CFA TRANSPORT ET LOGISTIQUE AFTRAL
89,2021-04-02T10:40:06.000Z,2021-04,Vendeur(se) Conseil en magasin (H/F),34 - MONTPELLIER,34000,34,IFCDIS
90,2021-03-22T11:08:06.000Z,2021-03,Magasinier / Magasinière en pièces et fournitures automobil (H/F),34 - MONTPELLIER,34000,34,CESAME SUP
91,2021-03-18T14:34:59.000Z,2021-03,Préparateur / Préparatrice de commandes drive en grande distribution (H/F),34 - LATTES,34970,34,
92,2021-03-05T05:57:00.000Z,2021-03,Préparateur / Préparatrice de commandes drive en grande distribution (H/F),34 - LATTES,34970,34,
93,2021-03-23T20:05:29.000Z,2021-03,Préparateur / Préparatrice de commandes (H/F),34 - ST JEAN DE VEDAS,34430,34,CFA TRANSPORT ET LOGISTIQUE AFTRAL
94,2021-03-15T17:37:09.000Z,2021-03,Vendeur/vendeuse comptoir pièces automobiles  (H/F),63 - THIERS,63300,63,
95,2021-04-09T19:15:46.000Z,2021-04,Préparateur / Préparatrice de commandes (H/F),34 - VILLENEUVE LES MAGUELONE,34750,34,CFA TRANSPORT ET LOGISTIQUE AFTRAL
96,2021-03-01T13:55:49.000Z,2021-03,Préparateur / Préparatrice de commandes,83 - LA FARLEDE,83210,83,
97,2021-04-09T10:15:15.000Z,2021-04,Réceptionnaire H/F contrat d'apprentissage ,83 - LA VALETTE DU VAR,83160,83,
98,2021-03-18T14:36:09.000Z,2021-03,Réceptionnaire magasinage (H/F),83 - LA VALETTE DU VAR,83160,83,
0,2021-04-07T10:38:29.000Z,2021-04,chargé(e) de communication en contrat d'apprentissage (H/F),95 - CERGY,95000,95,INITIACTIVE 95
1,2021-03-19T12:19:15.000Z,2021-03,Chargé de communication digitale en alternance (H/F),93 - VILLEPINTE,93420,93,
2,2021-03-28T11:18:36.000Z,2021-03,CAP coiffure  (H/F),75 - PARIS 18,75018,75,CS LEIZOUR
3,2021-04-07T08:57:11.000Z,2021-04,Chargé / Chargée de communication (H/F),92 - COURBEVOIE,92400,92,
4,2021-03-31T20:35:01.000Z,2021-03,Chargé(e) de Communication en alternance (H/F),92 - COURBEVOIE,92400,92,
5,2021-03-25T04:02:30.000Z,2021-03,Chargé / Chargée de communication (H/F),92 - COURBEVOIE,92400,92,
6,2021-03-23T20:05:09.000Z,2021-03,Chargé de communication  (H/F),92 - COURBEVOIE,92400,92,
7,2021-03-26T15:19:37.000Z,2021-03,Apprenti(e) en Brevet Professionnel Coiffure   (H/F),75 - PARIS 17,75017,75,PASCAL COSTE
8,2021-03-31T19:00:13.000Z,2021-03,Alternance Chargé(e) de communication - (H/F),75 - PARIS 08,75008,75,
9,2021-03-11T13:04:18.000Z,2021-03,Alternance chargé de communication pharmaceutique  (H/F),75 - PARIS 08,75008,75,GROUPE GMG
10,2021-03-07T14:06:20.000Z,2021-03,Chargé / Chargée de communication (H/F),92 - NANTERRE,92000,92,AXA FRANCE
11,2021-03-07T14:00:37.000Z,2021-03,Chargé / Chargée de communication (H/F),92 - NANTERRE,92000,92,AXA FRANCE
12,2021-03-26T20:03:36.000Z,2021-03,Assistant / Assistante de communication (H/F),92 - NANTERRE,92000,92,HELPLINE
13,2021-03-26T09:51:40.000Z,2021-03,Chargé / Chargée de communication interne (H/F),92 - NANTERRE,92000,92,AXA FRANCE
14,2021-03-31T06:41:28.000Z,2021-03,Chargé / Chargée de communication (H/F),92 - PUTEAUX,92800,92,
15,2021-03-18T21:17:19.000Z,2021-03,Assistant / Assistante de communication (H/F),92 - PUTEAUX,92800,92,
16,2021-04-07T15:21:58.000Z,2021-04,Chargé / Chargée de communication (H/F),75 - PARIS 09,75009,75,CASINO DE PARIS
17,2021-04-06T13:43:57.000Z,2021-04,Apprenti(e) Coiffeur(se) (H/F),75 - PARIS 20,75020,75,RC CREATION
18,2021-04-09T14:08:25.000Z,2021-04,Coiffeur / Coiffeuse mixte,80 - AMIENS et Abbeville,80000,80,MAX'S ET CHIC ET CHOC
19,2021-04-02T14:13:44.000Z,2021-04,Coiffeur / Coiffeuse (H/F),80 - AMIENS,80000,80,BRUNO TRIAY CONSEIL
20,2021-03-29T23:04:50.000Z,2021-03,Assistant / Assistante de communication (H/F),93 - MONTREUIL,93100,93,Sébastien Burlet
21,2021-04-08T15:56:30.000Z,2021-04,Coiffeur / Coiffeuse (H/F),75 - PARIS 04,75004,75,
22,2021-04-05T05:11:07.000Z,2021-04,Chargé(e) de communication (H/F),75 - PARIS 01,75001,75,
23,2021-04-05T05:08:52.000Z,2021-04,Alternance - Assistant Communication Interne (H/F),75 - PARIS 01,75001,75,
24,2021-04-04T11:04:03.000Z,2021-04,Chargé / Chargée de communication (H/F),75 - PARIS 01,75001,75,
25,2021-03-30T15:39:27.000Z,2021-03,Chargé de Communication et Marque Employeur (H/F),75 - PARIS 01,75001,75,
26,2021-03-26T15:39:41.000Z,2021-03,Assistant Communication (H/F),75 - PARIS 01,75001,75,
27,2021-03-03T12:07:04.000Z,2021-03,Chargé / Chargée de communication (H/F),94 - FONTENAY SOUS BOIS,94120,94,AXA FRANCE
28,2021-04-02T15:43:49.000Z,2021-04,Alternance Chargé de communication (H/F),75 - PARIS 15,75015,75,
29,2021-04-08T14:16:18.000Z,2021-04,Chargé(e) de communication Média en ALTERNANCE (H/F),75 - PARIS 14,75014,75,APEC 14
30,2021-04-08T14:12:53.000Z,2021-04,Chargé(e) de communication en ALTERNANCE (H/F),75 - PARIS 14,75014,75,APEC 14
31,2021-04-08T14:08:16.000Z,2021-04,Chargé(e) de communication interne en ALTERNANCE (H/F),75 - PARIS 14,75014,75,APEC 14
32,2021-04-08T11:44:52.000Z,2021-04,Chargé(e) de communication en ALTERNANCE (H/F),75 - PARIS 14,75014,75,APEC 14
33,2021-03-09T14:58:53.000Z,2021-03,Chargé(e) de projet communication en ALTERNANCE (H/F),75 - PARIS 14,75014,75,PFIZER
34,2021-04-08T15:51:38.000Z,2021-04,Alternant Chargé de Communication Data H/F (H/F),92 - BOULOGNE BILLANCOURT,92100,92,
35,2021-03-26T03:55:06.000Z,2021-03,Chargé / Chargée de communication (H/F),92 - ISSY LES MOULINEAUX,92130,92,
36,2021-03-26T03:51:37.000Z,2021-03,Chargé / Chargée de communication (H/F),92 - ISSY LES MOULINEAUX,92130,92,
37,2021-03-25T08:48:03.000Z,2021-03,Chargé / Chargée de communication (H/F),92 - ISSY LES MOULINEAUX,92130,92,
38,2021-03-26T04:07:24.000Z,2021-03,Chargé / Chargée de communication (H/F),92 - ISSY LES MOULINEAUX,92130,92,
39,2021-04-07T09:50:26.000Z,2021-04,Coiffeur / Coiffeuse mixte (H/F),77 - BUSSY ST GEORGES,77600,77,ELIXIA
40,2021-03-22T15:53:49.000Z,2021-03,Chargé / Chargée de communication (H/F),77 - CROISSY BEAUBOURG,77183,77,
41,2021-03-23T10:31:39.000Z,2021-03,Chargé / Chargée de communication (H/F),94 - ARCUEIL,94110,94,ETAT-MAJOR DU SERVICE MILITAIRE VOLONTAIRE
42,2021-03-18T09:55:08.000Z,2021-03,Chargé / Chargée de communication (H/F),94 - ARCUEIL,94110,94,
43,2021-03-26T11:04:30.000Z,2021-03,UN ALTERNANT- CHARGE DE COMMUNICATION  (H/F),94 - VITRY SUR SEINE,94400,94,SANOFI-AVENTIS GROUPE
44,2021-01-05T15:36:46.000Z,2021-01,Assistant coiffeur / Assistante coiffeuse     (H/F),94 - CHOISY LE ROI,94600,94,HAIR PRESTIGE
45,2021-04-08T11:30:58.000Z,2021-04,Communication évènementiels en ALTERNANCE (H/F),75 - PARIS 14,75014,75,APEC 14
46,2021-04-09T04:03:43.000Z,2021-04,Chef de projet évènementiel (H/F),91 - PALAISEAU,91120,91,
47,2021-03-17T14:45:48.000Z,2021-03,Magasinier / Magasinière cariste,95 - MARLY LA VILLE,95670,95,
48,2021-03-12T09:48:58.000Z,2021-03,Opérateur logistique (H/F),92 - GENNEVILLIERS,92230,92,
49,2021-04-04T02:56:12.000Z,2021-04,Chargé / Chargée d'études en marketing (H/F),75 - PARIS 08,75008,75,
50,2021-04-02T15:33:26.000Z,2021-04,Chargé / Chargée d'études commerciales (H/F),92 - NANTERRE,92000,92,
51,2021-03-30T15:38:05.000Z,2021-03,Chargé d'études marketing satisfaction client (H/F),92 - NANTERRE,92000,92,
52,2021-03-30T10:24:17.000Z,2021-03,Chargé / Chargée d'études de marché (H/F),92 - NANTERRE,92000,92,AXA FRANCE
53,2021-03-26T10:15:35.000Z,2021-03,Chargé / Chargée d'études statistiques (H/F),92 - NANTERRE,92000,92,AXA FRANCE
54,2021-03-02T10:26:11.000Z,2021-03,Chargé / Chargée d'études commerciales (H/F),92 - NANTERRE,92000,92,AXA FRANCE
55,2021-03-05T13:33:26.000Z,2021-03,Data analyst (H/F),92 - NANTERRE,92000,92,AXA FRANCE
56,2021-03-02T13:55:21.000Z,2021-03,Data analyst (H/F),92 - NANTERRE,92000,92,AXA FRANCE
57,2021-04-01T03:40:34.000Z,2021-04,Préparateur / Préparatrice de commandes drive en grande distribution (H/F),77 - CHELLES,77500,77,
58,2021-03-18T14:51:26.000Z,2021-03,Préparateur / Préparatrice de commandes drive en grande distribution (H/F),80 - AMIENS,80080,80,
59,2021-04-02T04:54:32.000Z,2021-04,Préparateur / Préparatrice de commandes (H/F),75 - PARIS 01,75001,75,
60,2021-04-09T15:29:02.000Z,2021-04,Chargé(e) d'études - Corporate Finance - H/F - PARIS (H/F),75 - PARIS 01,75001,75,
61,2021-03-16T09:21:03.000Z,2021-03,Apprenti(e) en ingénierie géo-intelligence (h/f),75 - PARIS 01,75001,75,
62,2021-03-07T03:21:29.000Z,2021-03,Apprenti(e) en analyse matériaux pour l'électronique (h/f),75 - PARIS 01,75001,75,
63,2021-03-04T16:03:30.000Z,2021-03,Apprenti(e) en traitement de l'information multimédia - intelligence artificielle (h/f),75 - PARIS 01,75001,75,
64,2021-04-05T05:08:49.000Z,2021-04,Data analyst chargé d'études stratégiques (H/F),75 - PARIS 01,75001,75,
65,2021-03-31T07:42:46.000Z,2021-03,Data Analyst débutant (H/F) Mobile Gaming [CDI] - Paris ou Lyon - Gaminho,75 - PARIS 01,75001,75,
66,2021-03-27T16:35:05.000Z,2021-03,Chargé d'études junior (H/F),75 - PARIS 01,75001,75,
67,2021-03-26T15:40:36.000Z,2021-03,Data Analyst en alternance (H/F),75 - PARIS 01,75001,75,
68,2021-04-02T15:41:53.000Z,2021-04,Alternance Chargé d'études stratégiques (H/F),75 - PARIS 15,75015,75,
69,2021-04-09T15:32:39.000Z,2021-04,Data Scientist - BOURSORAMA (H/F),92 - BOULOGNE BILLANCOURT,92100,92,
70,2021-03-19T12:29:37.000Z,2021-03,Alternant Data Analyst (H/F),92 - BOULOGNE BILLANCOURT,92100,92,
71,2021-03-31T16:50:23.000Z,2021-03,Data scientist (H/F),92 - ISSY LES MOULINEAUX,92130,92,
72,2021-03-05T10:55:19.000Z,2021-03,Chargé / Chargée d'études socio-économiques (H/F),94 - IVRY SUR SEINE,94200,94,BLUELINK
73,2021-03-06T14:59:43.000Z,2021-03,Responsable de livraison fonctionnelle/Data analyst H/F,92 - MONTROUGE,92120,92,
74,2021-04-06T15:49:46.000Z,2021-04,UN ALTERNANT - DATA SCIENTIST MACHING LEARNING  (H/F),94 - GENTILLY,94250,94,SANOFI-AVENTIS GROUPE
75,2021-04-06T11:39:34.000Z,2021-04,Chargé / Chargée d'études commerciales   (H/F),94 - VILLEJUIF,94800,94,CFA EHL
76,2021-04-08T06:17:01.000Z,2021-04,Préparateur / Préparatrice de commandes drive en grande distribution (H/F),77 - PONTAULT COMBAULT,77340,77,
77,2021-03-24T07:52:54.000Z,2021-03,Préparateur / Préparatrice de commandes drive en grande distribution (H/F),77 - PONTAULT COMBAULT,77340,77,
78,2021-03-24T07:43:44.000Z,2021-03,Préparateur / Préparatrice de commandes drive en grande distribution (H/F),77 - PONTAULT COMBAULT,77340,77,
79,2021-03-18T11:44:20.000Z,2021-03,Préparateur / préparatrice de commande drive (H/F),77 - PONTAULT COMBAULT,77340,77,
80,2021-04-03T10:42:23.000Z,2021-04,Préparateur / Préparatrice de commandes drive en grande distribution (H/F),94 - ORMESSON SUR MARNE,94490,94,
81,2021-03-18T14:37:36.000Z,2021-03,Préparateur / Préparatrice de commandes drive en grande distribution (H/F),94 - ORMESSON SUR MARNE,94490,94,
82,2021-04-01T16:36:15.000Z,2021-04,Chargé / Chargée d'études commerciales (H/F),78 - GUYANCOURT,78280,78,BOUYGUES ENERGIES & SERVICES
83,2021-04-08T06:16:54.000Z,2021-04,Data analyst (H/F),91 - MASSY,91300,91,
84,2021-03-21T08:59:42.000Z,2021-03,Préparateur / Préparatrice de commandes (H/F),91 - ATHIS MONS,91200,91,
85,2021-03-22T17:45:11.000Z,2021-03,Agent / Agente logistique en magasinage (H/F),91 - ATHIS MONS,91200,91,
86,2021-03-29T15:13:59.000Z,2021-03,Chargé / Chargée d'études en marketing (H/F),77 - PRINGY,77310,77,TENTE
87,2021-03-31T15:55:56.000Z,2021-03,Data scientist (H/F),76 - MONT ST AIGNAN,76130,76,
88,2021-03-31T03:51:07.000Z,2021-03,Préparateur / Préparatrice de commandes drive en grande distribution (H/F),27 - GUICHAINVILLE,27930,27,
89,2021-03-31T10:59:19.000Z,2021-03,UN ALTERNANT - ASSISTANT MAGASINIER  (H/F),76 - ST AUBIN LES ELBEUF,76410,76,SANOFI-AVENTIS GROUPE
90,2021-04-08T10:27:40.000Z,2021-04,Magasinier / Magasinière Magasin de Pièces de Rechange -MPR- (H/F),91 - ETAMPES,91150,91,ATAC PIECES AUTO
91,2021-04-02T04:08:03.000Z,2021-04,Magasinier / Magasinière (H/F),27 - LE NEUBOURG,27110,27,
92,2021-03-02T16:04:49.000Z,2021-03,Préparateur / Préparatrice de commandes (H/F),75 - Paris (Dept.),,na,
93,2021-02-17T09:54:57.000Z,2021-02,Préparateur / Préparatrice de commandes (H/F),75 - Paris (Dept.),,na,
94,2021-03-16T09:06:47.000Z,2021-03,Chef de projet évènementiel  (H/F),44 - NANTES,44000,44,ALTERNANCE PAYS DE LOIRE
95,2021-03-24T03:12:02.000Z,2021-03,Conseiller / Conseillère en organisation d'évènementiel de particuliers (H/F),44 - ST HERBLAIN,44800,44,
96,2021-04-08T15:55:42.000Z,2021-04,UN ALTERNANT - CHARGE DE PROJET FORMATION DIGITALE  (H/F),69 - NEUVILLE SUR SAONE,69250,69,SANOFI-AVENTIS GROUPE
97,2021-04-08T06:20:42.000Z,2021-04,Assistant Social Media Manager H/F,75 - PARIS 19,75019,75,
98,2021-04-10T10:56:35.000Z,2021-04,Alternance - Attaché de presse F/H (H/F),75 - PARIS 19,75019,75,
99,2021-03-24T07:45:52.000Z,2021-03,Alternant chargé de communication F/H (H/F),75 - PARIS 08,75008,75,
0,2021-03-23T09:51:09.000Z,2021-03,Apprenti CAP coiffeur (H/F),12 - SEBAZAC CONCOURES,12740,12,COIFF&CO
1,2021-03-26T11:06:50.000Z,2021-03,Apprenti coiffeur H/F,48 - ST CHELY D APCHER,48200,48,JENNIF'HAIR
2,2021-04-06T09:37:39.000Z,2021-04,Chargé / Chargée de communication en  CONTRAT D'APPRENTISSA (H/F),34 - MONTPELLIER,34000,34,INSTEP OCCITANIE
3,2021-03-31T17:02:04.000Z,2021-03,Chargé / Chargée de communication (H/F),34 - MONTPELLIER,34000,34,Talentis Horizon
4,2021-03-24T19:24:39.000Z,2021-03,Chargé / Chargée de communication (H/F),34 - MONTPELLIER,34000,34,CESI MONTPELLIER
5,2021-03-22T04:59:41.000Z,2021-03,Chargé / Chargée de communication (H/F),63 - CLERMONT FERRAND,63000,63,
6,2021-03-17T14:37:32.000Z,2021-03,Coiffeur / Coiffeuse (H/F),63 - CLERMONT FERRAND,63000,63,L HOMME VU PAR CHARLOTTE
7,2021-03-23T09:45:54.000Z,2021-03,Apprenti / Apprentie Communication (H/F),30 - CODOLET,30200,30,CYCLIFE
8,2021-04-06T10:11:22.000Z,2021-04,Coiffeur / Coiffeuse mixte,43 - LE CHAMBON SUR LIGNON,43400,43,INVEN-TIF
9,2021-04-02T11:45:17.000Z,2021-04,Coiffeur / Coiffeuse (H/F),84 - AVIGNON,84000,84,JEAN LOUIS DAVID
10,2021-04-02T11:06:24.000Z,2021-04,Coiffeur / Coiffeuse (H/F),84 - AVIGNON,84000,84,SARL - MARAQUIZ (SALON FRANCK PROVOST)
11,2021-03-19T11:23:32.000Z,2021-03,Chargé / Chargée de communication (H/F),13 - MARTIGUES,13500,13,FDM GROUPE
12,2021-03-18T17:22:23.000Z,2021-03,Chargé / Chargée de communication (H/F),13 - MARTIGUES,13117,13,FDM GROUPE
13,2021-04-02T07:54:12.000Z,2021-04,Chargé / Chargée de communication (H/F),42 - ST ETIENNE,42000,42,
14,2021-04-02T10:53:15.000Z,2021-04,Coiffeur / Coiffeuse (H/F),13 - SALON DE PROVENCE,13300,13,JEAN LOUIS DAVID
15,2021-04-02T10:38:11.000Z,2021-04,Coiffeur / Coiffeuse (H/F),13 - SALON DE PROVENCE,13300,13,LMA COIFFURE - FRANCK PROVOST
16,2021-02-09T15:07:58.000Z,2021-02,Coiffeur/Coiffeuse en contrat d'apprentissage  (H/F),13 - LES PENNES MIRABEAU,13170,13,JEAN CLAUDE DIFFUSION
17,2021-03-19T14:55:40.000Z,2021-03,Coiffeur / Coiffeuse,42 - VIOLAY,42780,42,COIFFURE SYLVIE
18,2021-04-07T04:06:08.000Z,2021-04,Chargé / Chargée de communication (H/F),13 - MARSEILLE 01,13001,13,
19,2021-04-08T15:55:42.000Z,2021-04,UN ALTERNANT - CHARGE DE PROJET FORMATION DIGITALE  (H/F),69 - NEUVILLE SUR SAONE,69250,69,SANOFI-AVENTIS GROUPE
20,2021-03-30T03:50:07.000Z,2021-03,Préparateur / Préparatrice de commandes drive en grande distribution (H/F),34 - BALARUC LE VIEUX,34540,34,
21,2021-03-18T14:29:29.000Z,2021-03,Préparateur / Préparatrice de commandes drive en grande distribution (H/F),34 - SETE,34200,34,
22,2021-03-17T03:43:30.000Z,2021-03,Opérateur / Opératrice logistique en entrepôt (H/F),34 - SETE,34200,34,CFA TRANSPORT ET LOGISTIQUE AFTRAL
23,2021-03-23T20:05:29.000Z,2021-03,Préparateur / Préparatrice de commandes (H/F),34 - ST JEAN DE VEDAS,34430,34,CFA TRANSPORT ET LOGISTIQUE AFTRAL
24,2021-04-09T19:15:46.000Z,2021-04,Préparateur / Préparatrice de commandes (H/F),34 - VILLENEUVE LES MAGUELONE,34750,34,CFA TRANSPORT ET LOGISTIQUE AFTRAL
25,2021-04-02T10:40:06.000Z,2021-04,Vendeur(se) Conseil en magasin (H/F),34 - MONTPELLIER,34000,34,IFCDIS
26,2021-03-22T11:08:06.000Z,2021-03,Magasinier / Magasinière en pièces et fournitures automobil (H/F),34 - MONTPELLIER,34000,34,CESAME SUP
27,2021-03-05T16:11:25.000Z,2021-03,Préparateur / Préparatrice de commandes (H/F),34 - CASTELNAU LE LEZ,34170,34,CESAME SUP
28,2021-03-18T14:34:59.000Z,2021-03,Préparateur / Préparatrice de commandes drive en grande distribution (H/F),34 - LATTES,34970,34,
29,2021-03-05T05:57:00.000Z,2021-03,Préparateur / Préparatrice de commandes drive en grande distribution (H/F),34 - LATTES,34970,34,
30,2021-03-18T14:31:33.000Z,2021-03,Préparateur / Préparatrice de commandes drive en grande distribution (H/F),34 - LE CRES,34920,34,
31,2021-03-05T14:59:14.000Z,2021-03,Préparateur / Préparatrice de commandes (H/F),34 - LE CRES,34920,34,CESAME SUP
32,2021-04-09T19:15:45.000Z,2021-04,Préparateur / Préparatrice de commandes (H/F),34 - PEROLS,34470,34,CFA TRANSPORT ET LOGISTIQUE AFTRAL
33,2021-03-23T20:04:01.000Z,2021-03,Préparateur / Préparatrice de commandes (H/F),34 - ST AUNES,34130,34,CFA TRANSPORT ET LOGISTIQUE AFTRAL
34,2021-04-09T19:16:05.000Z,2021-04,Préparateur / Préparatrice de commandes (H/F),34 - BOISSERON,34160,34,CFA TRANSPORT ET LOGISTIQUE AFTRAL
35,2021-02-05T11:16:16.000Z,2021-02,Magasinier vendeur / Magasinière vendeuse  (H/F),43 - PRADELLES,43420,43,DEA FORMATION
